status,path,additions,deletions,subsystem,plan
M,.github/workflows/continuous.yml,1,1,build-CI,KEEP_CURRENT
M,.gitignore,2,0,other,KEEP_CURRENT
M,CONTINUOUS_RELEASE.md,36,1,docs,KEEP_CURRENT
A,LICENSES/ZSNES-DSP3-GPL-2.0.txt,339,0,other,KEEP_CURRENT
M,Makefile,74,13,build-CI,KEEP_CURRENT_INTERFACE_PROTECTED
M,README.md,13,9,docs,KEEP_CURRENT
M,THIRD_PARTY.md,13,0,docs,KEEP_CURRENT
A,docs/AURORA_RUNTIME_TRACE.md,218,0,docs,KEEP_CURRENT
M,src/common/io/miniz_compat.c,66,5,other,KEEP_CURRENT
M,src/gb/system/gambattesystem.cpp,54,775,bridge/GB-Gambatte,KEEP_CURRENT_BRIDGE_PROTECTED
M,src/gb/system/gambattesystem.h,3,11,bridge/GB-Gambatte,KEEP_CURRENT_BRIDGE_PROTECTED
M,src/gba/system/gpspsystem.cpp,44,10,bridge/GBA-gpSP,KEEP_CURRENT_BRIDGE_PROTECTED
M,src/gba/system/gpspsystem.h,5,1,bridge/GBA-gpSP,KEEP_CURRENT_BRIDGE_PROTECTED
M,src/modules/audio/audio.h,1,0,PS2/audio-driver,KEEP_CURRENT
M,src/modules/audio/audio_audsrv.c,19,5,PS2/audio-driver,KEEP_CURRENT
M,src/platform/ps2/lowlevel/ps2mem.h,9,0,PS2/lowlevel,KEEP_CURRENT
A,src/platform/ps2/system/aurora_ee_crash_diag.c,433,0,PS2/host-mainloop,KEEP_CURRENT
A,src/platform/ps2/system/aurora_ee_crash_diag.h,86,0,PS2/host-mainloop,KEEP_CURRENT
A,src/platform/ps2/system/aurora_runtime_trace.c,793,0,PS2/host-mainloop,KEEP_CURRENT
A,src/platform/ps2/system/aurora_runtime_trace.h,184,0,PS2/host-mainloop,KEEP_CURRENT
A,src/platform/ps2/system/aurora_runtime_trace_profile.h,149,0,PS2/host-mainloop,KEEP_CURRENT
A,src/platform/ps2/system/aurora_snes_cost_profiler.cpp,449,0,PS2/host-mainloop,KEEP_CURRENT
A,src/platform/ps2/system/aurora_snes_cost_profiler.h,134,0,PS2/host-mainloop,KEEP_CURRENT
M,src/platform/ps2/system/mainloop_exec.cpp,33,0,PS2/host-mainloop,KEEP_CURRENT
A,src/platform/ps2/system/mainloop_exec.cpp.pre_core_pressure_final,137,0,PS2/host-mainloop,REMOVE_EXPERIMENT_SNAPSHOT
A,src/platform/ps2/system/mainloop_exec.cpp.pre_preflip_health_v2,140,0,PS2/host-mainloop,REMOVE_EXPERIMENT_SNAPSHOT
M,src/platform/ps2/system/mainloop_input.cpp,6,4,PS2/host-mainloop,KEEP_CURRENT_INTERFACE_PROTECTED
M,src/platform/ps2/system/mainloop_load.cpp,773,260,PS2/host-mainloop,KEEP_CURRENT_INTERFACE_PROTECTED
M,src/platform/ps2/system/mainloop_process.cpp,6,1,PS2/host-mainloop,KEEP_CURRENT
A,src/platform/ps2/system/mainloop_process.cpp.pre_core_pressure_final,753,0,PS2/host-mainloop,REMOVE_EXPERIMENT_SNAPSHOT
A,src/platform/ps2/system/mainloop_process.cpp.pre_preflip_health_v2,765,0,PS2/host-mainloop,REMOVE_EXPERIMENT_SNAPSHOT
M,src/platform/ps2/system/mainloop_render.cpp,203,81,PS2/host-mainloop,KEEP_CURRENT
A,src/platform/ps2/system/mainloop_render.cpp.pre_AURORA_SAFE_FRAMESKIP_NATURAL_RECOVERY_V2_20260917,1014,0,PS2/host-mainloop,REMOVE_EXPERIMENT_SNAPSHOT
A,src/platform/ps2/system/mainloop_render.cpp.pre_AURORA_SAFE_FRAMESKIP_POSTFLIP_REBASE_V1_20260916,984,0,PS2/host-mainloop,REMOVE_EXPERIMENT_SNAPSHOT
A,src/platform/ps2/system/mainloop_render.cpp.pre_AURORA_SAFE_FRAMESKIP_RESTORE_4A350B_V1_20260917,998,0,PS2/host-mainloop,REMOVE_EXPERIMENT_SNAPSHOT
A,src/platform/ps2/system/mainloop_render.cpp.pre_core_pressure_final,1117,0,PS2/host-mainloop,REMOVE_EXPERIMENT_SNAPSHOT
A,src/platform/ps2/system/mainloop_render.cpp.pre_preflip_health_v2,1031,0,PS2/host-mainloop,REMOVE_EXPERIMENT_SNAPSHOT
A,src/platform/ps2/system/mainloop_render.cpp.pre_preflip_recovery_v3,1096,0,PS2/host-mainloop,REMOVE_EXPERIMENT_SNAPSHOT
A,src/platform/ps2/system/mainloop_render.cpp.pre_recovery_only_v3,1124,0,PS2/host-mainloop,REMOVE_EXPERIMENT_SNAPSHOT
A,src/platform/ps2/system/mainloop_safe_frameskip.h.pre_core_pressure_final,20,0,PS2/host-mainloop,REMOVE_EXPERIMENT_SNAPSHOT
A,src/platform/ps2/system/mainloop_safe_frameskip.h.pre_preflip_health_v2,23,0,PS2/host-mainloop,REMOVE_EXPERIMENT_SNAPSHOT
M,src/platform/ps2/system/mainloop_state.cpp,57,0,PS2/host-mainloop,KEEP_CURRENT_INTERFACE_PROTECTED
M,src/platform/ps2/system/mainloop_state.h,5,0,PS2/host-mainloop,KEEP_CURRENT
M,src/platform/ps2/ui/uiVideo.cpp,157,90,PS2/platform,KEEP_CURRENT_INTERFACE_PROTECTED
M,src/sega/picodrive/picodrive_bridge.cpp,5,10,bridge/Sega-PicoDrive,KEEP_CURRENT_BRIDGE_PROTECTED
M,src/snes/apu/opspc700_c.h,4,2,SNES/APU-SPC-DSP,KEEP_CURRENT_APU_UNTIL_TARGETED_TIMING_BATTERY
M,src/snes/apu/snspc.c,11,1,SNES/APU-SPC-DSP,KEEP_CURRENT_APU_UNTIL_TARGETED_TIMING_BATTERY
M,src/snes/apu/snspc_c.c,179,66,SNES/APU-SPC-DSP,KEEP_CURRENT_APU_UNTIL_TARGETED_TIMING_BATTERY
A,src/snes/apu/snspc_c.c.pre_AURORA_SWC_TOPGEAR_COMMON_HW_PERF_V2_20260917,858,0,SNES/APU-SPC-DSP,REMOVE_EXPERIMENT_SNAPSHOT
A,src/snes/apu/snspc_c.c.pre_AURORA_SWC_TOPGEAR_COMMON_HW_PERF_V3_20260917,884,0,SNES/APU-SPC-DSP,REMOVE_EXPERIMENT_SNAPSHOT
M,src/snes/apu/snspcbrr.c,47,211,SNES/APU-SPC-DSP,KEEP_CURRENT_APU_UNTIL_TARGETED_TIMING_BATTERY
M,src/snes/apu/snspcbrr.h,1,0,SNES/APU-SPC-DSP,KEEP_CURRENT_APU_UNTIL_TARGETED_TIMING_BATTERY
M,src/snes/apu/snspcdsp.cpp,82,14,SNES/APU-SPC-DSP,KEEP_CURRENT_APU_UNTIL_TARGETED_TIMING_BATTERY
M,src/snes/apu/snspcdsp.h,52,2,SNES/APU-SPC-DSP,KEEP_CURRENT_APU_UNTIL_TARGETED_TIMING_BATTERY
M,src/snes/apu/snspcio.cpp,161,30,SNES/APU-SPC-DSP,KEEP_CURRENT_APU_UNTIL_TARGETED_TIMING_BATTERY
A,src/snes/apu/snspcio.cpp.pre_AURORA_SWC_TOPGEAR_COMMON_HW_PERF_V3_20260917,233,0,SNES/APU-SPC-DSP,REMOVE_EXPERIMENT_SNAPSHOT
M,src/snes/apu/snspcio.h,18,1,SNES/APU-SPC-DSP,KEEP_CURRENT_APU_UNTIL_TARGETED_TIMING_BATTERY
M,src/snes/apu/snspcmix.cpp,621,348,SNES/APU-SPC-DSP,KEEP_CURRENT_APU_UNTIL_TARGETED_TIMING_BATTERY
M,src/snes/apu/snspcmix.h,6,2,SNES/APU-SPC-DSP,KEEP_CURRENT_APU_UNTIL_TARGETED_TIMING_BATTERY
M,src/snes/apu/snspcmixi.h,3,0,SNES/APU-SPC-DSP,KEEP_CURRENT_APU_UNTIL_TARGETED_TIMING_BATTERY
M,src/snes/apu/snspctimer.cpp,108,62,SNES/APU-SPC-DSP,KEEP_CURRENT_APU_UNTIL_TARGETED_TIMING_BATTERY
A,src/snes/core/dsp3emu.cpp,1180,0,SNES/core-chips-bus,KEEP_CURRENT_FEATURE_UNLESS_SEPARATE_PATCH
A,src/snes/core/dsp3emu.h,13,0,SNES/core-chips-bus,KEEP_CURRENT_FEATURE_UNLESS_SEPARATE_PATCH
M,src/snes/core/dsp4emu.cpp,1,9,SNES/core-chips-bus,KEEP_CURRENT_FEATURE_UNLESS_SEPARATE_PATCH
M,src/snes/core/sncx4.cpp,146,80,SNES/core-chips-bus,KEEP_CURRENT_FEATURE_UNLESS_SEPARATE_PATCH
M,src/snes/core/sncx4.h,5,6,SNES/core-chips-bus,KEEP_CURRENT_FEATURE_UNLESS_SEPARATE_PATCH
M,src/snes/core/sndma.cpp,116,18,SNES/core-chips-bus,ROLLBACK_AA3D_DMA_IMPL_KEEP_CURRENT_HEADER
M,src/snes/core/sndma.h,7,0,SNES/core-chips-bus,KEEP_CURRENT_FEATURE_UNLESS_SEPARATE_PATCH
A,src/snes/core/sndma.h.pre_AURORA_SWC_TOPGEAR_COMMON_HW_PERF_V2_20260917,88,0,SNES/core-chips-bus,REMOVE_EXPERIMENT_SNAPSHOT
M,src/snes/core/sndsp1.cpp,22,22,SNES/core-chips-bus,KEEP_CURRENT_FEATURE_UNLESS_SEPARATE_PATCH
M,src/snes/core/sndsp1.h,2,1,SNES/core-chips-bus,KEEP_CURRENT_FEATURE_UNLESS_SEPARATE_PATCH
M,src/snes/core/sndsp2.cpp,16,8,SNES/core-chips-bus,KEEP_CURRENT_FEATURE_UNLESS_SEPARATE_PATCH
A,src/snes/core/sndsp3.cpp,51,0,SNES/core-chips-bus,KEEP_CURRENT_FEATURE_UNLESS_SEPARATE_PATCH
A,src/snes/core/sndsp3.h,18,0,SNES/core-chips-bus,KEEP_CURRENT_FEATURE_UNLESS_SEPARATE_PATCH
M,src/snes/core/snes.cpp,709,130,SNES/core-chips-bus,KEEP_CURRENT_FEATURE_UNLESS_SEPARATE_PATCH
A,src/snes/core/snes.cpp.pre_AURORA_SWC_TOPGEAR_COMMON_HW_PERF_V2_20260917,4500,0,SNES/core-chips-bus,REMOVE_EXPERIMENT_SNAPSHOT
A,src/snes/core/snes.cpp.pre_AURORA_SWC_TOPGEAR_COMMON_HW_PERF_V3_20260917,4558,0,SNES/core-chips-bus,REMOVE_EXPERIMENT_SNAPSHOT
A,src/snes/core/snes.cpp.pre_AURORA_TOPGEAR_COMMON_CART_SCHED_FAST_V1_20260917,4493,0,SNES/core-chips-bus,REMOVE_EXPERIMENT_SNAPSHOT
M,src/snes/core/snes.h,16,1,SNES/core-chips-bus,KEEP_CURRENT_FEATURE_UNLESS_SEPARATE_PATCH
M,src/snes/core/sngsu.cpp,139,52,SNES/core-chips-bus,KEEP_CURRENT_FEATURE_UNLESS_SEPARATE_PATCH
M,src/snes/core/sngsu.h,7,1,SNES/core-chips-bus,KEEP_CURRENT_FEATURE_UNLESS_SEPARATE_PATCH
M,src/snes/core/snmemmap.cpp,353,64,SNES/core-chips-bus,KEEP_CURRENT_FEATURE_UNLESS_SEPARATE_PATCH
M,src/snes/core/snqueue.h,31,1,SNES/core-chips-bus,KEEP_CURRENT_FEATURE_UNLESS_SEPARATE_PATCH
M,src/snes/core/snsa1.cpp,91,57,SNES/core-chips-bus,OPTIONAL_ROLLBACK_AA3D_SA1
M,src/snes/core/snsgb.cpp,8,587,SNES/core-chips-bus,KEEP_CURRENT_FEATURE_UNLESS_SEPARATE_PATCH
M,src/snes/core/snsgb.h,47,103,SNES/core-chips-bus,KEEP_CURRENT_FEATURE_UNLESS_SEPARATE_PATCH
M,src/snes/core/snswc.cpp,107,21,SNES/core-chips-bus,KEEP_CURRENT_FEATURE_UNLESS_SEPARATE_PATCH
A,src/snes/core/snswc.cpp.pre_AURORA_SWC_12MBIT_SPLIT_ACCOUNTING_V1_20260917,3149,0,SNES/core-chips-bus,REMOVE_EXPERIMENT_SNAPSHOT
M,src/snes/core/snswc.h,12,1,SNES/core-chips-bus,KEEP_CURRENT_FEATURE_UNLESS_SEPARATE_PATCH
A,src/snes/core/snswc.h.pre_AURORA_SWC_12MBIT_SPLIT_ACCOUNTING_V1_20260917,337,0,SNES/core-chips-bus,REMOVE_EXPERIMENT_SNAPSHOT
M,src/snes/core/sntiming.h,25,2,SNES/core-chips-bus,KEEP_CURRENT_FEATURE_UNLESS_SEPARATE_PATCH
M,src/snes/cpu/op65816.h,7,0,SNES/CPU-65816,ROLLBACK_AA3D_CPU
M,src/snes/cpu/op65816_mips.h,95,112,SNES/CPU-65816,ROLLBACK_AA3D_CPU
M,src/snes/cpu/sn65816.S,318,134,SNES/CPU-65816,ROLLBACK_AA3D_CPU
A,src/snes/cpu/sn65816.S.pre_AURORA_CPU_BRANCH_E_SPLIT_PERF_V1_20260916,2297,0,SNES/CPU-65816,REMOVE_EXPERIMENT_SNAPSHOT
A,src/snes/cpu/sn65816.S.pre_AURORA_CPU_COMMON_HOTPATH_PERF_V3_20260916,2297,0,SNES/CPU-65816,REMOVE_EXPERIMENT_SNAPSHOT
M,src/snes/cpu/sncpu_c.c,4,4,SNES/CPU-65816,ROLLBACK_AA3D_CPU
M,src/snes/ppu/snppu.cpp,335,53,SNES/PPU-render,ROLLBACK_AA3D_PPU_IMPL
M,src/snes/ppu/snppu.h,112,3,SNES/PPU-render,KEEP_CURRENT_FEATURE_UNLESS_SEPARATE_PATCH
M,src/snes/ppu/snppubg.cpp,273,52,SNES/PPU-render,ROLLBACK_AA3D_PPU_IMPL
A,src/snes/ppu/snppubg.cpp.pre_AURORA_SWC_TOPGEAR_COMMON_HW_PERF_V5_20260917,1424,0,SNES/PPU-render,REMOVE_EXPERIMENT_SNAPSHOT
M,src/snes/ppu/snppublend_gs.cpp,239,175,SNES/PPU-render,ROLLBACK_AA3D_PPU_IMPL
A,src/snes/ppu/snppublend_gs.cpp.pre_AURORA_SWC_TOPGEAR_COMMON_HW_PERF_V4_20260917,1090,0,SNES/PPU-render,REMOVE_EXPERIMENT_SNAPSHOT
A,src/snes/ppu/snppublend_gs.cpp.pre_AURORA_SWC_TOPGEAR_COMMON_HW_PERF_V5_20260917,1121,0,SNES/PPU-render,REMOVE_EXPERIMENT_SNAPSHOT
M,src/snes/ppu/snppublend_gs.h,11,6,SNES/PPU-render,KEEP_CURRENT_FEATURE_UNLESS_SEPARATE_PATCH
M,src/snes/ppu/snppuchrcache.h,50,0,SNES/PPU-render,ROLLBACK_AA3D_PPU_IMPL
M,src/snes/ppu/snppuobj.cpp,325,164,SNES/PPU-render,ROLLBACK_AA3D_PPU_IMPL
A,src/snes/ppu/snppuobj.cpp.pre_AURORA_SWC_TOPGEAR_COMMON_HW_PERF_V6_R7_20260917,699,0,SNES/PPU-render,REMOVE_EXPERIMENT_SNAPSHOT
M,src/snes/ppu/snppurender.cpp,395,20,SNES/PPU-render,ROLLBACK_AA3D_PPU_IMPL
A,src/snes/ppu/snppurender.cpp.pre_AURORA_SWC_TOPGEAR_COMMON_HW_PERF_V4_20260917,805,0,SNES/PPU-render,REMOVE_EXPERIMENT_SNAPSHOT
A,src/snes/ppu/snppurender.cpp.pre_AURORA_SWC_TOPGEAR_COMMON_HW_PERF_V5_20260917,810,0,SNES/PPU-render,REMOVE_EXPERIMENT_SNAPSHOT
M,src/snes/ppu/snppurender.h,12,4,SNES/PPU-render,KEEP_CURRENT_FEATURE_UNLESS_SEPARATE_PATCH
M,src/snes/ppu/snppurender8.cpp,954,250,SNES/PPU-render,ROLLBACK_AA3D_PPU_IMPL
A,src/snes/ppu/snppurender8.cpp.pre_AURORA_SWC_TOPGEAR_COMMON_HW_PERF_V4_20260917,2942,0,SNES/PPU-render,REMOVE_EXPERIMENT_SNAPSHOT
A,src/snes/ppu/snppurender8.cpp.pre_AURORA_SWC_TOPGEAR_COMMON_HW_PERF_V5_20260917,2995,0,SNES/PPU-render,REMOVE_EXPERIMENT_SNAPSHOT
A,src/snes/ppu/snppurender8.cpp.pre_AURORA_SWC_TOPGEAR_COMMON_HW_PERF_V6_R7_20260917,3111,0,SNES/PPU-render,REMOVE_EXPERIMENT_SNAPSHOT
M,src/snes/ppu/snppurenderi.h,5,0,SNES/PPU-render,KEEP_CURRENT_FEATURE_UNLESS_SEPARATE_PATCH
M,src/snes/rom/snrom.cpp,308,84,SNES/ROM,KEEP_CURRENT_FEATURE_UNLESS_SEPARATE_PATCH
M,src/snes/rom/snrom.h,7,0,SNES/ROM,KEEP_CURRENT_FEATURE_UNLESS_SEPARATE_PATCH
M,src/snes/state/snstate.cpp,58,2,SNES/state,KEEP_CURRENT_FEATURE_UNLESS_SEPARATE_PATCH
M,src/third_party/beetle-pce-fast,1,1,submodule-third-party,KEEP_CURRENT_PIN_PROTECTED
M,src/third_party/gpsp,1,1,submodule-third-party,KEEP_CURRENT_PIN_PROTECTED
M,src/third_party/picodrive,1,1,submodule-third-party,KEEP_CURRENT_PIN_PROTECTED
M,src/third_party/quicknes,1,1,submodule-third-party,KEEP_CURRENT_PIN_PROTECTED
M,tools/prepare_gpsp_aurora_sources.py,78,0,other,KEEP_CURRENT
A,tools/strip_gambatte_sgb_stage.py,500,0,other,KEEP_CURRENT
